model,r2,mae
Bike rentals,0.8727792317898062,450.4339738060705
House prices,0.6100921848711364,156514.6710354702
